"L1X1965Y1284","1965","1284","L1","Tower"
"3X2300Y1018","2300","1018","3","45 Francis"
"2X3235Y0880","3235","880","2","45 Francis"
"2X2105Y0900","2105","900","2","45 Francis"
"L1X1845Y0844","1845","844","L1","Tower"
"2X1825Y1280","1825","1280","2","Tower"
"2X2150Y1025","2150","1025","2","45 Francis"
"L2X1696Y2788","1696","2788","L2","BTM"
"2X2166Y1039","2166","1039","2","45 Francis"
"1X1965Y1239","1965","1239","1","Tower"
"2X3510Y0790","3510","790","2","15 Francis"
"3X1790Y0925","1790","925","3","Tower"
"1X0986Y2852","986","2852","1","BTM"
"1X1608Y2596","1608","2596","1","BTM"
"L2X1667Y2682","1667","2682","L2","BTM"
"2X1683Y1821","1683","1821","2","Shapiro"
"2X1724Y2123","1724","2123","2","Shapiro"
"1X2950Y0730","2950","730","1","45 Francis"
"L2X2015Y1280","2015","1280","L2","45 Francis"
"3X1735Y0900","1735","900","3","Tower"
"2X3155Y0890","3155","890","2","45 Francis"
"L1X2360Y0849","2360","849","L1","45 Francis"
"2X1726Y1835","1726","1835","2","Shapiro"
"2X4750Y1080","4750","1080","2","15 Francis"
"3X1539Y2773","1539","2773","3","BTM"
"1X2670Y1380","2670","1380","1","45 Francis"
"L2X1730Y0849","1730","849","L2","Tower"
"L1X2215Y1045","2215","1045","L1","45 Francis"
"1X2275Y0830","2275","830","1","45 Francis"
"L2X2130Y0904","2130","904","L2","45 Francis"
"1X2335Y0860","2335","860","1","45 Francis"
"2X1580Y2208","1580","2208","2","Shapiro"
"2X3875Y0560","3875","560","2","15 Francis"
"2X3525Y0840","3525","840","2","15 Francis"
"1X1642Y2596","1642","2596","1","BTM"
"2X4770Y1140","4770","1140","2","15 Francis"
"2X2761Y1067","2761","1067","2","45 Francis"
"1X1602Y1928","1602","1928","1","Shapiro"
"2X3450Y0850","3450","850","2","15 Francis"
"1X2925Y0980","2925","980","1","45 Francis"
"1X1627Y0850","1627","850","1","Tower"
"2X4595Y0550","4595","550","2","15 Francis"
"3X1580Y1904","1580","1904","3","Shapiro"
"1X2950Y0745","2950","745","1","45 Francis"
"L1X1980Y0844","1980","844","L1","Tower"
"2X2060Y0880","2060","880","2","Tower"
"3X2080Y1290","2080","1290","3","45 Francis"
"L2X2215Y0974","2215","974","L2","45 Francis"
"2X2853Y1067","2853","1067","2","45 Francis"
"2X1790Y1230","1790","1230","2","Tower"
"2X4605Y0655","4605","655","2","15 Francis"
"1X1671Y2015","1671","2015","1","Shapiro"
"L2X2300Y0854","2300","854","L2","45 Francis"
"2X3525Y0850","3525","850","2","15 Francis"
"2X2782Y1091","2782","1091","2","45 Francis"
"2X2554Y1280","2554","1280","2","45 Francis"
"3X1785Y0820","1785","820","3","Tower"
"2X2721Y0750","2721","750","2","45 Francis"
"2X2841Y1032","2841","1032","2","45 Francis"
"3X1735Y0925","1735","925","3","Tower"
"2X4280Y0435","4280","435","2","15 Francis"
"L1X1666Y2167","1666","2167","L1","Shapiro"
"3X2745Y1147","2745","1147","3","45 Francis"
"2X1726Y1930","1726","1930","2","Shapiro"
"L1X2185Y0904","2185","904","L1","45 Francis"
"L2X1512Y1539","1512","1539","L2","Shapiro"
"2X3910Y0685","3910","685","2","15 Francis"
"3X1235Y0865","1235","865","3","Tower"
"2X3925Y0740","3925","740","2","15 Francis"
"3X1235Y0985","1235","985","3","Tower"
"1X2091Y0976","2091","976","1","Tower"
"L2X1930Y1280","1930","1280","L2","45 Francis"
"2X2246Y1028","2246","1028","2","45 Francis"
"2X1685Y2041","1685","2041","2","Shapiro"
"2X1740Y1230","1740","1230","2","Tower"
"3X1785Y0830","1785","830","3","Tower"
"2X3830Y0775","3830","775","2","15 Francis"
"3X1680Y1290","1680","1290","3","Tower"
"1X2099Y1357","2099","1357","1","Tower"
"L1X1702Y2167","1702","2167","L1","Shapiro"
"1X2610Y0954","2610","954","1","45 Francis"
"3X2400Y0764","2400","764","3","45 Francis"
"2X3480Y0790","3480","790","2","15 Francis"
"3X1600Y1030","1600","1030","3","Tower"
"L2X1512Y1966","1512","1966","L2","Shapiro"
"L2X1512Y1844","1512","1844","L2","Shapiro"
"1X1605Y2093","1605","2093","1","Shapiro"
"1X1493Y2117","1493","2117","1","Shapiro"
"2X1580Y2538","1580","2538","2","BTM"
"2X1230Y1820","1230","1820","2","Shapiro"
"2X3425Y0870","3425","870","2","15 Francis"
"1X1600Y1895","1600","1895","1","Shapiro"
"1X1556Y2604","1556","2604","1","BTM"
"1X1869Y0930","1869","930","1","Tower"
"1X3100Y0890","3100","890","1","45 Francis"
"2X2246Y1280","2246","1280","2","45 Francis"
"2X1528Y2745","1528","2745","2","BTM"
"L1X2445Y1245","2445","1245","L1","45 Francis"
"L2X1730Y0924","1730","924","L2","Tower"
"3X2060Y1290","2060","1290","3","45 Francis"
"2X4330Y0700","4330","700","2","15 Francis"
"2X3955Y0885","3955","885","2","15 Francis"
"2X1686Y1931","1686","1931","2","Shapiro"
"1X2066Y1239","2066","1239","1","Tower"
"2X1690Y2455","1690","2455","2","BTM"
"1X1647Y1930","1647","1930","1","Shapiro"
"3X1552Y2854","1552","2854","3","BTM"
"3X2649Y1075","2649","1075","3","45 Francis"
"2X4705Y0925","4705","925","2","15 Francis"
"1X2675Y0910","2675","910","1","45 Francis"
"2X4020Y0715","4020","715","2","15 Francis"
"2X1825Y1025","1825","1025","2","Tower"
"3X1750Y0985","1750","985","3","Tower"
"3X1750Y0865","1750","865","3","Tower"
"3X1648Y2968","1648","2968","3","BTM"
"L1X2265Y0904","2265","904","L1","45 Francis"
"3X1650Y2766","1650","2766","3","BTM"
"L1X2290Y1284","2290","1284","L1","45 Francis"
"2X4385Y0585","4385","585","2","15 Francis"
"1X1532Y2739","1532","2739","1","BTM"
"1X1017Y2865","1017","2865","1","BTM"
"2X4660Y0770","4660","770","2","15 Francis"
"2X4280Y0475","4280","475","2","15 Francis"
"2X4210Y0630","4210","630","2","15 Francis"
"2X1690Y2240","1690","2240","2","Shapiro"
"2X2811Y1165","2811","1165","2","45 Francis"
"3X2323Y1328","2323","1328","3","45 Francis"
"2X4785Y0975","4785","975","2","15 Francis"
"2X3135Y0890","3135","890","2","45 Francis"
"2X2761Y1032","2761","1032","2","45 Francis"
"3X1815Y1290","1815","1290","3","Tower"
"2X1650Y2602","1650","2602","2","BTM"
"2X1605Y1008","1605","1008","2","Tower"
"3X1534Y2732","1534","2732","3","BTM"
"2X3420Y0850","3420","850","2","15 Francis"
"2X2105Y1280","2105","1280","2","45 Francis"
"1X3085Y0980","3085","980","1","45 Francis"
"2X3855Y0565","3855","565","2","15 Francis"
"1X1965Y1280","1965","1280","1","Tower"
"L1X2665Y1043","2665","1043","L1","45 Francis"
"2X2238Y1028","2238","1028","2","45 Francis"
"2X4295Y0530","4295","530","2","15 Francis"
"3X2772Y1075","2772","1075","3","45 Francis"
"L1X1820Y1284","1820","1284","L1","Tower"
"2X2782Y1152","2782","1152","2","45 Francis"
"1X1721Y0956","1721","956","1","Tower"
"3X1580Y2858","1580","2858","3","BTM"
"2X1284Y1821","1284","1821","2","Shapiro"
"1X1581Y2566","1581","2566","1","BTM"
"2X3980Y0910","3980","910","2","15 Francis"
"2X2055Y1330","2055","1330","2","Tower"
"3X1325Y1290","1325","1290","3","Tower"
"2X1168Y1820","1168","1820","2","Shapiro"
"2X2385Y0800","2385","800","2","45 Francis"
"2X3955Y0830","3955","830","2","15 Francis"
"1X1617Y0825","1617","825","1","Tower"
"L1X2770Y1070","2770","1070","L1","45 Francis"
"1X3270Y0875","3270","875","1","45 Francis"
"L2X1550Y1966","1550","1966","L2","Shapiro"
"3X1735Y0865","1735","865","3","Tower"
"2X3345Y0865","3345","865","2","45 Francis"
"1X2190Y0910","2190","910","1","45 Francis"
"3X1735Y0985","1735","985","3","Tower"
"1X2935Y0900","2935","900","1","45 Francis"
"2X2678Y1032","2678","1032","2","45 Francis"
"3X1611Y2678","1611","2678","3","BTM"
"2X2782Y1165","2782","1165","2","45 Francis"
"2X1740Y1280","1740","1280","2","Tower"
"L2X1745Y1280","1745","1280","L2","Tower"
"3X1650Y2855","1650","2855","3","BTM"
"1X2026Y0910","2026","910","1","Tower"
"1X1749Y2224","1749","2224","1","Shapiro"
"2X2385Y0902","2385","902","2","45 Francis"
"2X3063Y1043","3063","1043","2","45 Francis"
"L2X2215Y0904","2215","904","L2","45 Francis"
"L1X1750Y1284","1750","1284","L1","Tower"
"L1X2130Y0844","2130","844","L1","45 Francis"
"3X1650Y2732","1650","2732","3","BTM"
"3X1690Y0820","1690","820","3","Tower"
"1X1947Y1239","1947","1239","1","Tower"
"2X2672Y0820","2672","820","2","45 Francis"
"2X3296Y1043","3296","1043","2","45 Francis"
"2X2782Y1280","2782","1280","2","45 Francis"
"1X2925Y0910","2925","910","1","45 Francis"
"2X1740Y1165","1740","1165","2","Tower"
"2X4295Y0750","4295","750","2","15 Francis"
"2X1692Y2211","1692","2211","2","Shapiro"
"L1X2220Y0904","2220","904","L1","45 Francis"
"1X1673Y0802","1673","802","1","Tower"
"L1X2360Y0799","2360","799","L1","45 Francis"
"2X3440Y0800","3440","800","2","15 Francis"
"3X1628Y2142","1628","2142","3","Shapiro"
"L1X1702Y2260","1702","2260","L1","Shapiro"
"1X1678Y2865","1678","2865","1","BTM"
"3X1690Y0830","1690","830","3","Tower"
"L2X1512Y1701","1512","1701","L2","Shapiro"
"1X1608Y2737","1608","2737","1","BTM"
"L2X1745Y1009","1745","1009","L2","Tower"
"3X2922Y1075","2922","1075","3","45 Francis"
"1X3085Y1000","3085","1000","1","45 Francis"
"1X1721Y0970","1721","970","1","Tower"
"3X2772Y1290","2772","1290","3","45 Francis"
"L2X1701Y2734","1701","2734","L2","BTM"
"L2X1820Y1280","1820","1280","L2","Tower"
"L1X1688Y2167","1688","2167","L1","Shapiro"
"2X2945Y0902","2945","902","2","45 Francis"
"2X1502Y1820","1502","1820","2","Shapiro"
"1X2128Y1300","2128","1300","1","Tower"
"2X4310Y0585","4310","585","2","15 Francis"
"L2X1512Y1811","1512","1811","L2","Shapiro"
"1X3325Y0870","3325","870","1","45 Francis"
"L2X2130Y0849","2130","849","L2","Tower"
"2X3865Y0750","3865","750","2","15 Francis"
"3X2492Y0887","2492","887","3","45 Francis"
"2X4390Y0605","4390","605","2","15 Francis"
"3X2220Y0944","2220","944","3","45 Francis"
"L1X2320Y1284","2320","1284","L1","45 Francis"
"1X2175Y0910","2175","910","1","45 Francis"
"L1X1665Y2116","1665","2116","L1","Shapiro"
"1X3200Y0880","3200","880","1","45 Francis"
"1X1566Y2139","1566","2139","1","Shapiro"
"1X1707Y2152","1707","2152","1","Shapiro"
"2X1231Y1781","1231","1781","2","Shapiro"
"1X1758Y0956","1758","956","1","Tower"
"1X2660Y0979","2660","979","1","45 Francis"
"2X1825Y1080","1825","1080","2","Tower"
"3X1671Y2695","1671","2695","3","BTM"
"2X1805Y0925","1805","925","2","Tower"
"2X1630Y1821","1630","1821","2","Shapiro"
"1X3230Y0880","3230","880","1","45 Francis"
"1X2770Y1070","2770","1070","1","45 Francis"
"1X1845Y1250","1845","1250","1","Tower"
"2X2240Y0965","2240","965","2","45 Francis"
"3X2323Y0851","2323","851","3","45 Francis"
"2X2623Y1018","2623","1018","2","45 Francis"
"L1X2310Y1043","2310","1043","L1","45 Francis"
"2X1726Y2210","1726","2210","2","Shapiro"
"2X1875Y1025","1875","1025","2","Tower"
"1X3265Y0830","3265","830","1","45 Francis"
"1X2605Y1340","2605","1340","1","45 Francis"
"1X1707Y2164","1707","2164","1","Shapiro"
"3X1735Y0820","1735","820","3","Tower"
"2X1692Y2124","1692","2124","2","Shapiro"
"3X1580Y1858","1580","1858","3","Shapiro"
"L1X1637Y2116","1637","2116","L1","Shapiro"
"2X2672Y0902","2672","902","2","45 Francis"
"2X3745Y0780","3745","780","2","15 Francis"
"L1X2770Y1284","2770","1284","L1","45 Francis"
"1X2275Y0910","2275","910","1","45 Francis"
"1X1750Y2014","1750","2014","1","Shapiro"
"L1X2770Y1160","2770","1160","L1","45 Francis"
"1X1627Y0825","1627","825","1","Tower"
"1X2066Y1282","2066","1282","1","Tower"
"1X1627Y0930","1627","930","1","Tower"
"1X2660Y0954","2660","954","1","45 Francis"
"2X1450Y1781","1450","1781","2","Shapiro"
"2X1395Y2674","1395","2674","2","BTM"
"2X2246Y1350","2246","1350","2","45 Francis"
"2X1591Y2560","1591","2560","2","BTM"
"L2X1512Y1909","1512","1909","L2","Shapiro"
"2X1775Y1080","1775","1080","2","Tower"
"3X2333Y0764","2333","764","3","45 Francis"
"1X1810Y1280","1810","1280","1","Tower"
"L2X1577Y2195","1577","2195","L2","Shapiro"
"3X2323Y0993","2323","993","3","45 Francis"
"1X1284Y1872","1284","1872","1","Shapiro"
"1X1758Y0850","1758","850","1","Tower"
"1X2585Y0890","2585","890","1","45 Francis"
"1X1256Y1858","1256","1858","1","Shapiro"
"1X1751Y1825","1751","1825","1","Shapiro"
"1X1600Y1830","1600","1830","1","Shapiro"
"2X1630Y1801","1630","1801","2","Shapiro"
"2X2782Y1067","2782","1067","2","45 Francis"
"2X4250Y0440","4250","440","2","15 Francis"
"1X2790Y1190","2790","1190","1","45 Francis"
"1X2790Y1070","2790","1070","1","45 Francis"
"3X1600Y2732","1600","2732","3","BTM"
"L1X2130Y0904","2130","904","L1","45 Francis"
"2X2166Y1028","2166","1028","2","45 Francis"
"1X1845Y1280","1845","1280","1","Tower"
"2X1630Y1931","1630","1931","2","Shapiro"
"1X1689Y2225","1689","2225","1","Shapiro"
"2X4340Y0625","4340","625","2","15 Francis"
"1X2017Y0799","2017","799","1","Tower"
"2X4270Y0650","4270","650","2","15 Francis"
"2X3217Y0886","3217","886","2","45 Francis"
"1X1780Y1029","1780","1029","1","Tower"
"2X3825Y0760","3825","760","2","15 Francis"
"1X1627Y0802","1627","802","1","Tower"
"3X2220Y0985","2220","985","3","45 Francis"
"3X1600Y0820","1600","820","3","Tower"
"2X2725Y1065","2725","1065","2","45 Francis"
"2X2260Y0786","2260","786","2","45 Francis"
"L1X1720Y2131","1720","2131","L1","Shapiro"
"3X2738Y1227","2738","1227","3","45 Francis"
"1X2910Y0910","2910","910","1","45 Francis"
"1X2925Y1050","2925","1050","1","45 Francis"
"1X2760Y1460","2760","1460","1","45 Francis"
"2X4140Y0680","4140","680","2","15 Francis"
"2X4300Y0630","4300","630","2","45 Francis"
"2X2945Y0710","2945","710","2","45 Francis"
"1X1648Y2161","1648","2161","1","Shapiro"
"1X1601Y1866","1601","1866","1","Shapiro"
"1X3050Y0980","3050","980","1","45 Francis"
"2X4285Y0715","4285","715","2","15 Francis"
"2X2035Y0900","2035","900","2","Tower"
"1X2605Y1380","2605","1380","1","45 Francis"
"1X2240Y0910","2240","910","1","45 Francis"
"2X4270Y0440","4270","440","2","15 Francis"
"1X1769Y1146","1769","1146","1","Tower"
"2X2962Y0963","2962","963","2","45 Francis"
"3X2362Y0851","2362","851","3","45 Francis"
"2X4220Y0660","4220","660","2","15 Francis"
"L1X1732Y1019","1732","1019","L1","Tower"
"L2X2215Y1280","2215","1280","L2","45 Francis"
"1X2790Y1290","2790","1290","1","45 Francis"
"L1X2300Y0879","2300","879","L1","45 Francis"
"L2X1578Y2089","1578","2089","L2","Shapiro"
"L2X1698Y2687","1698","2687","L2","BTM"
"2X3775Y0745","3775","745","2","15 Francis"
"1X3050Y0730","3050","730","1","45 Francis"
"2X2945Y0840","2945","840","2","45 Francis"
"3X2255Y1290","2255","1290","3","45 Francis"
"1X2160Y0910","2160","910","1","45 Francis"
"2X2385Y0753","2385","753","2","45 Francis"
"1X1284Y1884","1284","1884","1","Shapiro"
"3X2365Y0800","2365","800","3","45 Francis"
"2X4330Y0580","4330","580","2","15 Francis"
"3X1580Y2230","1580","2230","3","Shapiro"
"3X1628Y1904","1628","1904","3","Shapiro"
"2X4295Y0475","4295","475","2","15 Francis"
"1X1627Y1029","1627","1029","1","Tower"
"L2X1785Y0924","1785","924","L2","Tower"
"1X1707Y2015","1707","2015","1","Shapiro"
"L2X1730Y1009","1730","1009","L2","Tower"
"L1X2490Y1043","2490","1043","L1","45 Francis"
"1X1420Y2865","1420","2865","1","BTM"
"2X2605Y0841","2605","841","2","45 Francis"
"2X2177Y0902","2177","902","2","45 Francis"
"2X1684Y2091","1684","2091","2","Shapiro"
"L2X1745Y1524","1745","1524","L2","Tower"
"1X1758Y0930","1758","930","1","Tower"
"L2X1625Y2089","1625","2089","L2","Shapiro"
"3X2448Y1290","2448","1290","3","45 Francis"
"1X2960Y0900","2960","900","1","45 Francis"
"1X1420Y2737","1420","2737","1","BTM"
"2X2279Y0827","2279","827","2","45 Francis"
"1X2026Y0892","2026","892","1","Tower"
"L2X2360Y0854","2360","854","L2","45 Francis"
"3X2772Y1227","2772","1227","3","45 Francis"
"2X3945Y0790","3945","790","2","15 Francis"
"1X1973Y0910","1973","910","1","Tower"
"2X2085Y0900","2085","900","2","45 Francis"
"1X1708Y2092","1708","2092","1","Shapiro"
"2X2782Y1303","2782","1303","2","45 Francis"
"2X1628Y2102","1628","2102","2","Shapiro"
"L1X2065Y1284","2065","1284","L1","Tower"
"2X1502Y1781","1502","1781","2","Shapiro"
"3X2597Y0851","2597","851","3","45 Francis"
"L2X1627Y2782","1627","2782","L2","BTM"
"2X3257Y0879","3257","879","2","45 Francis"
"1X1705Y1831","1705","1831","1","Shapiro"
"2X1720Y1801","1720","1801","2","Shapiro"
"L2X1745Y1539","1745","1539","L2","Shapiro"
"L1X2220Y0974","2220","974","L1","45 Francis"
"1X2790Y1155","2790","1155","1","45 Francis"
"2X3860Y0725","3860","725","2","15 Francis"
"3X1685Y2142","1685","2142","3","Shapiro"
"1X2985Y0980","2985","980","1","45 Francis"
"L2X1730Y1584","1730","1584","L2","Shapiro"
"1X1638Y2553","1638","2553","1","BTM"
"2X1695Y1165","1695","1165","2","Tower"
"2X2678Y1067","2678","1067","2","45 Francis"
"1X1810Y0930","1810","930","1","Tower"
"1X1794Y1146","1794","1146","1","Tower"
"2X1580Y2090","1580","2090","2","Shapiro"
"2X3645Y0775","3645","775","2","15 Francis"
"1X2460Y0850","2460","850","1","45 Francis"
"2X2605Y0783","2605","783","2","45 Francis"
"2X1590Y2745","1590","2745","2","BTM"
"2X4155Y0650","4155","650","2","15 Francis"
"1X1673Y2165","1673","2165","1","Shapiro"
"1X2790Y1380","2790","1380","1","45 Francis"
"2X2912Y0903","2912","903","2","45 Francis"
"2X4270Y0480","4270","480","2","15 Francis"
"3X1685Y2052","1685","2052","3","Shapiro"
"1X1950Y0871","1950","871","1","Tower"
"1X1748Y1321","1748","1321","1","Tower"
"2X2900Y0985","2900","985","2","45 Francis"
"2X2610Y0953","2610","953","2","45 Francis"
"L1X2715Y1070","2715","1070","L1","45 Francis"
"3X1628Y2070","1628","2070","3","Shapiro"
"1X2735Y1070","2735","1070","1","45 Francis"
"1X1609Y1246","1609","1246","1","Tower"
"2X3900Y0640","3900","640","2","15 Francis"
"2X1683Y2543","1683","2543","2","BTM"
"L1X1750Y1090","1750","1090","L1","Tower"
"2X1720Y1745","1720","1745","2","Shapiro"
"2X1532Y2777","1532","2777","2","BTM"
"2X2190Y1280","2190","1280","2","45 Francis"
"3X2570Y1257","2570","1257","3","45 Francis"
"2X3136Y0963","3136","963","2","45 Francis"
"1X1700Y1158","1700","1158","1","Tower"
"1X1721Y0931","1721","931","1","Tower"
"2X4650Y0675","4650","675","2","15 Francis"
"1X1749Y2151","1749","2151","1","Shapiro"
"2X1341Y1778","1341","1778","2","Shapiro"
"2X3360Y0860","3360","860","2","15 Francis"
"3X2730Y1315","2730","1315","3","45 Francis"
"2X4185Y0665","4185","665","2","15 Francis"
"2X1450Y1820","1450","1820","2","Shapiro"
"L2X1550Y2031","1550","2031","L2","Shapiro"
"1X1627Y1060","1627","1060","1","Tower"
"3X2277Y0995","2277","995","3","45 Francis"
"1X1769Y1280","1769","1280","1","Tower"
"L1X2130Y1045","2130","1045","L1","Tower"
"3X1725Y0900","1725","900","3","Tower"
"L1X2130Y1284","2130","1284","L1","Tower"
"2X2554Y0783","2554","783","2","45 Francis"
"2X3965Y0860","3965","860","2","15 Francis"
"3X1325Y0985","1325","985","3","Tower"
"L2X2270Y0904","2270","904","L2","45 Francis"
"2X4690Y0870","4690","870","2","15 Francis"
"3X2772Y1147","2772","1147","3","45 Francis"
"1X2290Y0910","2290","910","1","45 Francis"
"L2X1681Y2747","1681","2747","L2","BTM"
"2X2279Y0902","2279","902","2","45 Francis"
"3X2492Y0851","2492","851","3","45 Francis"
"2X4240Y0730","4240","730","2","15 Francis"
"2X1590Y2604","1590","2604","2","BTM"
"1X1700Y1280","1700","1280","1","Tower"
"1X2026Y0976","2026","976","1","Tower"
"3X1628Y2052","1628","2052","3","Shapiro"
"L2X1642Y2089","1642","2089","L2","Shapiro"
"2X2055Y1280","2055","1280","2","Tower"
"L1X1688Y2131","1688","2131","L1","Shapiro"
"3X2252Y0851","2252","851","3","45 Francis"
"1X2240Y0985","2240","985","1","45 Francis"
"L2X1680Y2090","1680","2090","L2","Shapiro"
"2X1170Y1780","1170","1780","2","Shapiro"
"2X3535Y0645","3535","645","2","15 Francis"
"L2X1729Y2089","1729","2089","L2","Shapiro"
"2X4550Y0375","4550","375","2","15 Francis"
"3X1580Y2180","1580","2180","3","Shapiro"
"2X2605Y0902","2605","902","2","45 Francis"
"1X2770Y0980","2770","980","1","45 Francis"
"2X1955Y0900","1955","900","2","Tower"
"1X1720Y2847","1720","2847","1","BTM"
"1X2610Y0910","2610","910","1","45 Francis"
"1X1262Y1850","1262","1850","1","Shapiro"
"1X2055Y0910","2055","910","1","Tower"
"1X2585Y0910","2585","910","1","45 Francis"
"1X2385Y0910","2385","910","1","45 Francis"
"3X2631Y0851","2631","851","3","45 Francis"
"1X2275Y0785","2275","785","1","45 Francis"
"2X3296Y0880","3296","880","2","45 Francis"
"2X2177Y1010","2177","1010","2","45 Francis"
"2X3870Y0540","3870","540","2","15 Francis"
"1X2790Y1460","2790","1460","1","45 Francis"
"3X2868Y1075","2868","1075","3","45 Francis"
"3X1580Y2070","1580","2070","3","Shapiro"
"2X3950Y0865","3950","865","2","15 Francis"
"2X4000Y0645","4000","645","2","15 Francis"
"2X1283Y1781","1283","1781","2","Shapiro"
"L1X2445Y1043","2445","1043","L1","45 Francis"
"L1X2445Y1284","2445","1284","L1","45 Francis"
"2X1580Y2166","1580","2166","2","Shapiro"
"2X4125Y0625","4125","625","2","15 Francis"
"2X1875Y0925","1875","925","2","Tower"
"2X3075Y0960","3075","960","2","45 Francis"
"2X1396Y1781","1396","1781","2","Shapiro"
"2X1398Y2745","1398","2745","2","BTM"
"2X3490Y0825","3490","825","2","15 Francis"
"2X4570Y0455","4570","455","2","15 Francis"
"3X2570Y1290","2570","1290","3","45 Francis"
"1X1605Y2568","1605","2568","1","BTM"
"3X1735Y1030","1735","1030","3","Tower"
"1X1700Y1226","1700","1226","1","Tower"
"1X2760Y1405","2760","1405","1","45 Francis"
"1X2026Y1239","2026","1239","1","Tower"
"2X4725Y0995","4725","995","2","15 Francis"
"2X3063Y0963","3063","963","2","45 Francis"
"2X3895Y0695","3895","695","2","15 Francis"
"2X1395Y1820","1395","1820","2","Shapiro"
"2X2554Y1316","2554","1316","2","45 Francis"
"1X2385Y0810","2385","810","1","45 Francis"
"2X4635Y0680","4635","680","2","15 Francis"
"2X4130Y0650","4130","650","2","15 Francis"
"1X1758Y1060","1758","1060","1","Tower"
"2X1578Y1820","1578","1820","2","Shapiro"
"1X1605Y1029","1605","1029","1","Tower"
"3X1680Y1275","1680","1275","3","Tower"
"L1X2255Y0849","2255","849","L1","45 Francis"
"1X1700Y1120","1700","1120","1","Tower"
"1X1645Y1280","1645","1280","1","Tower"
"2X2279Y0786","2279","786","2","45 Francis"
"2X1615Y1025","1615","1025","2","Tower"
"3X2448Y1328","2448","1328","3","45 Francis"
"2X1578Y1932","1578","1932","2","Shapiro"
"2X4175Y0620","4175","620","2","15 Francis"
"2X4570Y0555","4570","555","2","15 Francis"
"1X2017Y0910","2017","910","1","Tower"
"2X1740Y1500","1740","1500","2","Tower"
"2X2238Y0932","2238","932","2","45 Francis"
"2X2085Y1280","2085","1280","2","45 Francis"
"3X1325Y0655","1325","655","3","Tower"
"L1X1845Y0924","1845","924","L1","Tower"
"2X2713Y0902","2713","902","2","45 Francis"
"2X2945Y0995","2945","995","2","45 Francis"
"2X2945Y0870","2945","870","2","45 Francis"
"1X1758Y1120","1758","1120","1","Tower"
"2X3630Y0810","3630","810","2","15 Francis"
"2X2330Y0590","2330","590","2","45 Francis"
"1X2835Y1460","2835","1460","1","45 Francis"
"2X4625Y0650","4625","650","2","15 Francis"
"3X2730Y1290","2730","1290","3","45 Francis"
"3X1580Y2142","1580","2142","3","Shapiro"
"3X2715Y1075","2715","1075","3","45 Francis"
"L1X1732Y0924","1732","924","L1","Tower"
"1X1534Y2777","1534","2777","1","BTM"
"1X1950Y0910","1950","910","1","Tower"
"1X1707Y1992","1707","1992","1","Shapiro"
"3X2255Y1255","2255","1255","3","45 Francis"
"2X3296Y0945","3296","945","2","45 Francis"
"2X4675Y0820","4675","820","2","15 Francis"
"2X2279Y0762","2279","762","2","45 Francis"
"1X1748Y1280","1748","1280","1","Tower"
"2X3575Y0825","3575","825","2","15 Francis"
"3X2323Y1034","2323","1034","3","45 Francis"
"2X4480Y0580","4480","580","2","15 Francis"
"2X3475Y0760","3475","760","2","15 Francis"
"2X1628Y2092","1628","2092","2","Shapiro"
"1X1401Y2628","1401","2628","1","BTM"
"1X1619Y2522","1619","2522","1","BTM"
"3X2362Y0764","2362","764","3","45 Francis"
"2X2554Y1389","2554","1389","2","45 Francis"
"2X4065Y0630","4065","630","2","15 Francis"
"2X1684Y1801","1684","1801","2","Shapiro"
"2X2554Y1472","2554","1472","2","45 Francis"
"L2X1698Y2776","1698","2776","L2","BTM"
"1X2950Y0705","2950","705","1","45 Francis"
"1X1270Y1830","1270","1830","1","Shapiro"
"1X1973Y0844","1973","844","1","Tower"
"1X2460Y0910","2460","910","1","45 Francis"
"2X2945Y0775","2945","775","2","45 Francis"
"2X2225Y1280","2225","1280","2","45 Francis"
"L2X2360Y0804","2360","804","L2","45 Francis"
"2X4545Y0460","4545","460","2","15 Francis"
"1X1722Y1832","1722","1832","1","Shapiro"
"2X2238Y0902","2238","902","2","45 Francis"
"3X1580Y2006","1580","2006","3","Shapiro"
"2X3555Y0730","3555","730","2","15 Francis"
"1X2910Y0890","2910","890","1","45 Francis"
"3X1562Y2230","1562","2230","3","Shapiro"
"1X1610Y1120","1610","1120","1","Tower"
"1X1758Y1029","1758","1029","1","Tower"
"2X1935Y0860","1935","860","2","Tower"
"2X2912Y0963","2912","963","2","45 Francis"
"3X1685Y2230","1685","2230","3","Shapiro"
"L1X2300Y0849","2300","849","L1","45 Francis"
"2X3970Y0880","3970","880","2","15 Francis"
"1X1645Y1246","1645","1246","1","Tower"
"1X1255Y1872","1255","1872","1","Shapiro"
"2X3635Y0830","3635","830","2","15 Francis"
"3X1685Y2106","1685","2106","3","Shapiro"
"L1X1785Y0924","1785","924","L1","Tower"
"L2X1630Y2742","1630","2742","L2","BTM"
"2X1728Y2042","1728","2042","2","Shapiro"
"3X2323Y1290","2323","1290","3","45 Francis"
"2X1340Y1820","1340","1820","2","Shapiro"
"3X2220Y1034","2220","1034","3","45 Francis"
"2X2439Y0902","2439","902","2","45 Francis"
"2X3490Y0845","3490","845","2","15 Francis"
"2X3163Y0945","3163","945","2","45 Francis"
"L2X2300Y0884","2300","884","L2","45 Francis"
"1X1548Y0930","1548","930","1","Tower"
"L2X1578Y2031","1578","2031","L2","Shapiro"
"2X3655Y0805","3655","805","2","15 Francis"
"2X2322Y0641","2322","641","2","45 Francis"
"1X2385Y0860","2385","860","1","45 Francis"
"1X1227Y1859","1227","1859","1","Shapiro"
